MIN=0,-10,-20,-20
MAX=226.274169979695,10,120,120
SCALE=226.274169979695,5,50,50
DEC=1,2,1,1
"DEF=""Time"" t / s",Voltage U_B1 / V,Temperature &J_A11 / °C,Temperature &J_A12 / °C
0,4.98,19.86409043,20.57348241
0.1,4.985,19.86409043,20.57348241
0.2,4.98,19.96645621,20.57348241
0.3,4.985,19.96645621,20.67458442
0.4,4.985,19.86409043,20.57348241
0.5,4.985,19.96645621,20.57348241
0.6,4.985,19.86409043,20.57348241
0.7,4.985,19.86409043,20.67458442
0.8,4.985,19.96645621,20.57348241
0.899,4.985,19.86409043,20.77568643
1,4.985,19.86409043,20.87678844
1.101,4.985,19.86409043,20.67458442
1.2,4.985,19.86409043,20.77568643
1.3,4.98,19.86409043,20.87678844
1.4,4.98,19.86409043,20.77568643
1.5,4.98,19.86409043,20.87678844
1.6,4.985,19.86409043,20.77568643
1.7,4.985,19.86409043,20.87678844
1.8,4.98,19.86409043,20.67458442
1.9,4.985,19.86409043,20.77568643
2,4.985,19.86409043,20.77568643
2.101,4.985,19.86409043,20.77568643
2.2,4.98,19.86409043,20.77568643
2.299,4.985,19.80612868,20.87678844
2.4,4.98,19.80612868,20.87678844
2.501,4.985,19.80612868,20.67458442
2.6,4.98,19.80612868,20.67458442
2.7,4.985,19.80612868,20.77568643
2.8,4.98,19.80612868,20.87678844
2.9,4.98,19.80612868,20.77568643
3.001,4.98,19.80612868,20.77568643
3.1,4.985,19.80612868,20.77568643
3.201,4.98,19.80612868,20.77568643
3.3,4.98,19.80612868,20.87678844
3.4,4.985,19.80612868,20.97789045
3.499,4.98,19.80612868,20.87678844
3.6,4.98,19.80612868,20.87678844
3.701,4.985,19.80612868,20.77568643
3.8,4.985,19.80612868,20.77568643
3.899,4.98,19.80612868,20.97789045
4.001,4.98,19.80612868,20.77568643
4.101,4.98,19.80612868,20.67458442
4.2,4.98,19.80612868,20.87678844
4.301,4.985,19.80612868,20.77568643
4.4,4.985,19.80612868,20.87678844
4.5,4.985,19.86409043,20.57348241
4.599,4.98,19.86409043,20.87678844
4.7,4.985,19.86409043,20.77568643
4.8,4.985,19.86409043,20.87678844
4.9,4.985,19.86409043,20.87678844
5,4.985,19.86409043,20.77568643
5.099,4.985,19.86409043,20.87678844
5.2,4.985,19.96645621,20.87678844
5.3,4.98,19.86409043,20.77568643
5.399,4.985,19.86409043,20.87678844
5.501,4.98,19.86409043,20.87678844
5.599,4.98,19.80612868,20.57348241
5.7,4.98,19.80612868,20.87678844
5.8,4.98,19.80612868,20.87678844
5.9,4.985,19.80612868,20.97789045
6,4.98,19.80612868,20.77568643
6.099,4.99,19.80612868,20.97789045
6.2,4.985,19.80612868,20.77568643
6.3,4.985,19.90849447,20.87678844
6.4,4.98,19.80612868,20.97789045
6.5,4.985,19.80612868,20.87678844
6.601,4.985,19.80612868,20.87678844
6.702,4.985,19.86409043,20.77568643
6.8,4.985,19.86409043,20.97789045
6.9,4.985,19.86409043,20.87678844
7,4.98,19.86409043,20.87678844
7.101,4.985,19.96645621,20.87678844
7.201,4.98,19.86409043,20.87678844
7.3,4.985,19.86409043,20.97789045
7.4,4.98,19.86409043,20.97789045
7.5,4.985,19.86409043,20.87678844
7.601,4.985,19.86409043,20.87678844
7.699,4.985,19.86409043,20.97789045
7.799,4.985,19.80612868,20.47238039
7.9,4.985,19.90849447,20.87678844
8,4.98,19.80612868,20.87678844
8.101,4.98,19.80612868,20.97789045
8.2,4.98,19.80612868,20.87678844
8.3,4.985,19.80612868,20.87678844
8.4,4.985,19.80612868,20.97789045
8.5,4.985,19.80612868,20.87678844
8.6,4.98,19.80612868,20.97789045
8.699,4.985,19.80612868,20.87678844
8.801,4.985,19.80612868,21.07899246
8.9,4.98,19.80612868,20.37127838
9,4.98,19.80612868,20.97789045
9.099,4.985,19.90849447,20.87678844
9.2,4.985,19.80612868,21.07899246
9.301,4.985,19.80612868,21.07899246
9.4,4.985,19.80612868,20.87678844
9.499,4.985,19.80612868,20.97789045
9.599,4.98,19.80612868,20.97789045
9.7,4.985,19.80612868,21.07899246
9.8,4.985,19.80612868,21.07899246
9.899,4.98,19.80612868,20.97789045
10,4.985,19.80612868,20.57348241
10.101,4.98,19.80612868,20.97789045
10.2,4.985,19.80612868,20.97789045
10.3,4.98,19.80612868,20.97789045
10.4,4.985,19.90849447,21.07899246
10.501,4.985,19.80612868,21.07899246
10.601,4.98,19.90849447,21.07899246
10.701,4.985,19.80612868,21.07899246
10.8,4.98,19.80612868,21.07899246
10.901,4.985,19.80612868,21.18009448
10.999,4.985,19.80612868,21.07899246
11.1,4.98,19.80612868,20.47238039
11.199,4.985,19.90849447,21.18009448
11.3,4.98,19.80612868,21.07899246
11.4,4.985,19.80612868,21.07899246
11.5,4.98,19.80612868,21.07899246
11.6,4.985,19.80612868,21.07899246
11.7,4.985,19.80612868,21.18009448
11.799,4.985,19.90849447,21.28119649
11.9,4.985,19.80612868,21.18009448
12,4.985,19.80612868,21.3822985
12.1,4.985,19.80612868,21.28119649
12.2,4.98,19.80612868,20.77568643
12.3,4.985,19.80612868,21.28119649
12.4,4.98,19.90849447,21.3822985
12.5,4.985,19.80612868,21.28119649
12.6,4.98,19.90849447,21.28119649
12.7,4.985,19.80612868,21.28119649
12.8,4.985,19.80612868,21.28119649
12.901,4.985,19.90849447,21.28119649
13.001,4.98,19.80612868,21.28119649
13.101,4.985,19.80612868,21.3822985
13.2,4.98,19.90849447,21.3822985
13.3,4.98,19.80612868,20.97789045
13.4,4.985,19.80612868,21.3822985
13.5,4.98,19.90849447,21.48340051
13.599,4.985,19.80612868,21.3822985
13.701,4.985,19.80612868,21.48340051
13.8,4.985,19.80612868,21.48340051
13.901,4.985,19.80612868,21.48340051
13.999,4.985,19.80612868,21.48340051
14.1,4.985,19.90849447,21.58450252
14.199,4.985,19.90849447,21.48340051
14.3,4.985,19.80612868,21.58450252
14.4,4.985,19.80612868,21.07899246
14.5,4.985,19.80612868,21.68560454
14.601,4.99,19.80612868,21.48340051
14.701,4.985,19.90849447,21.58450252
14.8,4.985,19.80612868,21.3822985
14.901,4.98,19.90849447,21.68560454
15,4.985,19.80612868,21.68560454
15.1,4.985,19.80612868,21.68560454
15.2,4.98,19.80612868,21.68560454
15.3,4.985,19.80612868,21.78670655
15.401,4.985,19.90849447,21.78670655
15.5,4.985,19.80612868,21.28119649
15.6,4.985,19.80612868,21.68560454
15.701,4.985,19.80612868,21.78670655
15.8,4.985,19.80612868,21.78670655
15.9,4.985,19.80612868,21.78670655
16.001,4.98,19.80612868,21.88780856
16.1,4.98,19.80612868,21.88780856
16.199,4.98,19.80612868,21.68560454
16.3,4.985,19.80612868,21.88780856
16.401,4.985,19.80612868,21.98891057
16.501,4.985,19.80612868,21.88780856
16.6,4.985,19.90849447,21.58450252
16.7,4.985,19.80612868,21.88780856
16.8,4.98,19.80612868,21.98891057
16.9,4.985,19.80612868,21.78670655
17.001,4.985,19.80612868,21.98891057
17.1,4.985,19.80612868,21.98891057
17.199,4.985,19.90849447,21.78670655
17.301,4.985,19.80612868,22.09001258
17.4,4.985,19.90849447,22.09001258
17.5,4.98,19.80612868,21.88780856
17.6,4.98,19.90849447,21.98891057
17.701,4.98,19.80612868,21.78670655
17.801,4.985,19.80612868,22.09001258
17.9,4.985,19.90849447,21.98891057
18,4.985,19.80612868,22.09001258
18.101,4.985,19.80612868,22.09001258
18.2,4.985,19.80612868,22.09001258
18.3,4.985,19.80612868,22.1911146
18.4,4.985,19.90849447,22.09001258
18.499,4.98,19.80612868,22.09001258
18.6,4.98,19.80612868,22.09001258
18.7,4.985,19.90849447,22.09001258
18.799,4.985,19.90849447,21.98891057
18.899,4.985,19.90849447,22.1911146
19.001,4.985,19.90849447,22.1911146
19.1,4.98,19.90849447,22.29221661
19.2,4.985,19.80612868,22.29221661
19.301,4.98,19.90849447,22.39331862
19.399,4.985,19.80612868,22.29221661
19.501,4.985,19.80612868,22.29221661
19.601,4.985,19.80612868,22.29221661
19.7,4.985,19.80612868,22.39331862
19.8,4.985,19.80612868,22.1911146
19.9,4.985,19.80612868,22.1911146
20,4.98,19.80612868,22.29221661
20.1,4.985,19.80612868,22.49442063
20.2,4.98,19.90849447,22.49442063
20.299,4.985,19.80612868,22.29221661
20.399,4.985,19.80612868,22.39331862
20.5,4.985,19.80612868,22.49442063
20.599,4.985,19.80612868,22.39331862
20.699,4.985,19.90849447,22.39331862
20.799,4.985,19.80612868,22.39331862
20.9,4.98,19.80612868,22.49442063
21,4.985,19.80612868,22.39331862
21.1,4.985,19.80612868,22.59552264
21.199,4.985,19.80612868,22.49442063
21.3,4.98,19.90849447,22.49442063
21.4,4.985,19.90849447,22.59552264
21.501,4.985,19.80612868,22.59552264
21.601,4.985,19.90849447,22.59552264
21.7,4.98,19.80612868,22.69662466
21.799,4.98,19.80612868,22.49442063
21.9,4.985,19.80612868,22.59552264
21.999,4.985,19.80612868,22.59552264
22.1,4.985,19.80612868,22.69662466
22.2,4.985,19.80612868,22.69662466
22.299,4.98,19.90849447,22.59552264
22.4,4.98,19.80612868,22.69662466
22.499,4.98,19.80612868,22.69662466
22.599,4.985,19.80612868,22.69662466
22.7,4.985,19.80612868,22.69662466
22.8,4.98,19.80612868,22.79772667
22.9,4.985,19.90849447,22.69662466
23,4.98,19.80612868,22.69662466
23.1,4.98,19.80612868,22.79772667
23.2,4.98,19.90849447,22.89882868
23.301,4.985,19.80612868,22.89882868
23.4,4.985,19.80612868,22.89882868
23.5,4.98,19.80612868,22.79772667
23.6,4.98,19.80612868,22.89882868
23.7,4.985,19.80612868,22.89882868
23.8,4.98,19.80612868,22.99993069
23.9,4.98,19.90849447,22.89882868
24,4.985,19.80612868,23.1010327
24.1,4.98,19.90849447,22.99993069
24.199,4.98,19.90849447,22.89882868
24.3,4.985,19.80612868,23.30323673
24.4,4.985,19.80612868,23.1010327
24.499,4.98,19.80612868,23.1010327
24.6,4.985,19.90849447,23.1010327
24.7,4.985,19.80612868,23.1010327
24.801,4.98,19.80612868,23.20213472
24.901,4.985,19.80612868,23.20213472
25,4.985,19.80612868,23.20213472
25.101,4.985,19.80612868,23.20213472
25.199,4.985,19.80612868,23.30323673
25.3,4.98,19.80612868,23.30323673
25.4,4.98,19.86409043,23.50544075
25.5,4.98,19.86409043,23.50544075
25.6,4.985,19.86409043,23.40433874
25.701,4.985,19.86409043,23.70764477
25.8,4.985,19.86409043,23.60654276
25.9,4.985,19.86409043,23.70764477
25.999,4.985,19.86409043,23.60654276
26.1,4.985,19.86409043,23.70764477
26.2,4.98,19.96645621,23.70764477
26.3,4.98,19.86409043,23.80874679
26.399,4.985,19.86409043,23.80874679
26.5,4.985,19.80612868,24.11205282
26.601,4.975,19.80612868,23.80874679
26.7,4.985,19.80612868,24.01095081
26.799,4.98,19.80612868,23.80874679
26.9,4.985,19.80612868,23.9098488
27,4.985,19.80612868,24.01095081
27.099,4.98,19.80612868,24.01095081
27.2,4.985,19.80612868,24.01095081
27.3,4.98,19.80612868,24.01095081
27.4,4.98,19.80612868,24.11205282
27.5,4.985,19.90849447,24.11205282
27.599,4.985,19.86409043,24.61756288
27.7,4.98,19.96645621,24.21315483
27.8,4.985,19.86409043,24.21315483
27.9,4.985,19.96645621,24.21315483
28.001,4.985,19.86409043,24.31425685
28.1,4.98,19.86409043,24.31425685
28.2,4.985,19.86409043,24.21315483
28.3,4.985,19.86409043,24.31425685
28.4,4.985,19.86409043,24.31425685
28.5,4.985,19.86409043,24.31425685
28.6,4.985,19.86409043,24.41535886
28.7,4.985,19.80612868,24.81976691
28.8,4.98,19.80612868,24.31425685
28.901,4.98,19.80612868,24.41535886
29,4.98,19.90849447,24.41535886
29.099,4.985,19.80612868,24.51646087
29.2,4.99,19.80612868,24.51646087
29.3,4.98,19.90849447,24.51646087
29.4,4.985,19.80612868,24.61756288
29.501,4.98,19.80612868,24.51646087
29.6,4.98,19.80612868,24.61756288
29.7,4.98,19.80612868,24.71866489
29.8,4.98,19.80612868,24.96472476
29.899,4.98,19.80612868,24.66141873
29.999,4.985,19.90849447,24.66141873
30.1,4.98,19.80612868,24.76252074
30.2,4.98,19.80612868,24.76252074
30.3,4.985,19.80612868,24.76252074
30.4,4.985,19.80612868,24.86362275
30.499,4.98,19.90849447,24.86362275
30.601,4.98,19.80612868,24.76252074
30.7,4.98,19.80612868,24.96472476
30.801,4.985,19.80612868,24.96472476
30.901,4.98,19.90849447,25.32527697
31.001,4.985,19.90849447,25.12307294
31.1,4.98,19.70376289,25.12307294
31.2,4.98,19.80612868,25.12307294
31.299,4.985,19.80612868,24.92086892
31.4,4.98,19.80612868,25.22417495
31.5,4.98,19.80612868,25.22417495
31.599,4.985,19.80612868,25.22417495
31.7,4.985,19.80612868,25.22417495
31.8,4.985,19.80612868,25.32527697
31.9,4.985,19.80612868,25.12307294
32,4.985,19.90849447,25.72968501
32.099,4.985,19.90849447,25.42637898
32.2,4.985,19.80612868,25.42637898
32.301,4.98,19.80612868,25.52748099
32.399,4.985,19.90849447,25.52748099
32.5,4.98,19.80612868,25.52748099
32.6,4.985,19.80612868,25.628583
32.701,4.985,19.80612868,25.628583
32.801,4.98,19.80612868,25.628583
32.9,4.98,19.80612868,25.628583
33,4.98,19.80612868,25.72968501
33.1,4.985,19.90849447,26.33629709
33.199,4.98,19.90849447,25.83078703
33.299,4.985,19.90849447,25.83078703
33.4,4.98,19.80612868,25.93188904
33.5,4.985,19.90849447,25.93188904
33.599,4.985,19.80612868,25.93188904
33.699,4.985,19.80612868,25.93188904
33.799,4.98,19.80612868,25.93188904
33.9,4.98,19.80612868,26.03299105
34,4.98,19.80612868,26.03299105
34.1,4.98,19.80612868,26.13409306
34.2,4.985,19.90849447,26.63960312
34.3,4.985,19.80612868,26.03299105
34.399,4.985,19.80612868,26.23519507
34.501,4.985,19.80612868,26.13409306
34.6,4.98,19.80612868,26.13409306
34.701,4.985,19.90849447,26.13409306
34.8,4.985,19.80612868,26.23519507
34.901,4.985,19.80612868,26.23519507
35,4.98,19.80612868,26.33629709
35.1,4.98,19.80612868,26.33629709
35.2,4.985,19.80612868,26.63960312
35.299,4.985,19.90849447,26.84180714
35.4,4.985,19.80612868,26.4373991
35.499,4.98,19.90849447,26.63960312
35.6,4.98,19.80612868,26.53850111
35.7,4.985,19.80612868,26.4373991
35.8,4.985,19.80612868,26.53850111
35.9,4.98,19.90849447,26.53850111
36,4.985,19.80612868,26.63960312
36.1,4.985,19.80612868,26.53850111
36.2,4.985,19.80612868,26.63960312
36.299,4.98,19.80612868,26.84180714
36.399,4.985,19.80612868,27.08786701
36.5,4.985,19.80612868,26.78456098
36.6,4.985,19.80612868,26.78456098
36.699,4.98,19.80612868,26.88566299
36.8,4.98,19.80612868,26.88566299
36.9,4.985,19.80612868,26.986765
37,4.98,19.80612868,26.88566299
37.101,4.98,19.90849447,26.986765
37.199,4.98,19.80612868,27.08786701
37.3,4.985,19.80612868,27.18896902
37.399,4.98,19.80612868,27.29007104
37.5,4.98,19.80612868,27.85282726
37.6,4.985,19.90849447,27.3473172
37.701,4.985,19.80612868,27.3473172
37.799,4.98,19.80612868,27.75172525
37.9,4.985,19.90849447,28.05503129
38,4.985,19.80612868,28.35833732
38.099,4.985,19.80612868,28.9649494
38.2,4.98,19.80612868,29.8748675
38.3,4.985,19.80612868,31.08809165
38.4,4.98,19.80612868,32.50351981
38.501,4.985,19.80612868,34.42445804
38.6,4.985,19.90849447,37.09696619
38.7,4.985,19.80612868,38.91680241
38.8,4.98,19.80612868,41.02726241
38.9,4.985,19.80612868,42.8249055
38.999,4.985,19.80612868,44.22307234
39.1,4.985,19.80612868,45.02202483
39.2,4.98,19.80612868,45.82097731
39.3,4.98,19.80612868,46.6199298
39.4,4.985,19.80612868,47.21914416
39.5,4.985,19.80612868,47.1192751
39.6,4.985,19.80612868,46.32032262
39.699,4.985,19.90849447,44.77896569
39.8,4.985,19.80612868,43.08119166
39.9,4.985,19.80612868,41.38341763
40,4.98,19.80612868,39.88396668
40.099,4.985,19.80612868,38.67074254
40.199,4.985,19.90849447,37.4575184
40.3,4.985,19.80612868,36.34539627
40.401,4.985,19.80612868,35.83988621
40.5,4.985,19.80612868,34.9299681
40.6,4.985,19.80612868,34.62666206
40.701,4.98,19.80612868,33.81784597
40.8,4.985,19.90849447,33.45729376
40.901,4.985,19.90849447,32.9517837
41,4.985,19.90849447,32.64847767
41.101,4.985,19.80612868,32.24406962
41.201,4.985,19.80612868,31.94076358
41.3,4.985,19.90849447,31.73855956
41.399,4.985,19.90849447,31.43525353
41.5,4.98,19.80612868,31.2330495
41.601,4.98,19.80612868,30.92974347
41.7,4.98,19.80612868,30.72753944
41.8,4.985,19.80612868,30.72753944
41.9,4.985,19.80612868,30.52533542
42,4.985,19.80612868,30.32313139
42.1,4.98,19.90849447,30.32313139
42.199,4.985,19.80612868,30.22202938
42.3,4.985,19.80612868,30.12092737
42.4,4.98,19.80612868,30.12092737
42.5,4.985,19.80612868,30.12092737
42.599,4.985,19.90849447,30.01982536
42.699,4.98,19.80612868,30.01982536
42.8,4.985,19.80612868,30.12092737
42.901,4.985,19.90849447,30.22202938
43.001,4.985,19.80612868,30.32313139
43.1,4.985,19.80612868,30.42423341
43.2,4.985,19.80612868,30.52533542
43.3,4.985,19.80612868,30.72753944
43.4,4.985,19.80612868,30.82864145
43.5,4.985,19.80612868,31.03084548
43.601,4.985,19.80612868,31.03084548
43.699,4.985,19.80612868,31.43525353
43.799,4.985,19.80612868,31.53635554
43.9,4.98,19.80612868,31.83966157
44,4.985,19.80612868,32.14296761
44.101,4.985,19.90849447,32.30131579
44.2,4.98,19.80612868,32.60462182
44.3,4.98,19.90849447,32.90792786
44.399,4.985,19.80612868,33.2112339
44.5,4.985,19.80612868,33.51453993
44.601,4.98,19.80612868,33.81784597
44.7,4.98,19.80612868,34.22225402
44.8,4.985,19.80612868,34.72776408
44.899,4.985,19.80612868,35.03107011
45,4.985,19.80612868,35.23327413
45.1,4.985,19.90849447,35.53658017
45.2,4.985,19.90849447,35.43547816
45.3,4.985,19.80612868,35.83988621
45.399,4.98,19.80612868,36.04209023
45.5,4.98,19.80612868,36.24429425
45.599,4.985,19.90849447,36.44649828
45.7,4.985,19.80612868,36.6487023
45.799,4.985,19.80612868,36.85090633
45.9,4.985,19.90849447,36.85090633
46.001,4.99,19.80612868,36.95200834
46.1,4.985,19.90849447,37.15421236
46.2,4.985,19.80612868,37.35641639
46.3,4.985,19.90849447,36.89476217
46.399,4.985,19.80612868,37.50137424
46.5,4.985,19.90849447,37.60247625
46.6,4.98,19.80612868,37.80468028
46.699,4.98,19.80612868,37.80468028
46.8,4.985,19.90849447,38.0068843
46.9,4.99,19.90849447,38.20908832
47.001,4.98,19.80612868,38.20908832
47.1,4.98,19.80612868,38.31019034
47.201,4.985,19.80612868,38.61349637
47.301,4.98,19.90849447,38.71459838
47.4,4.985,19.80612868,38.31019034
47.499,4.985,19.90849447,38.91680241
47.601,4.985,19.90849447,39.11900643
47.701,4.985,19.80612868,39.22010844
47.8,4.985,19.90849447,39.32121046
47.899,4.985,19.80612868,39.32121046
48.001,4.985,19.80612868,39.42231247
48.101,4.985,19.80612868,39.32121046
48.201,4.98,19.90849447,39.42231247
48.3,4.985,19.90849447,39.42231247
48.399,4.985,19.80612868,39.42231247
48.5,4.985,19.80612868,39.01790442
48.6,4.985,19.80612868,39.42231247
48.7,4.985,19.90849447,39.52341448
48.8,4.98,19.80612868,39.52341448
48.899,4.985,19.90849447,39.52341448
49,4.985,19.80612868,39.42231247
49.1,4.98,19.80612868,39.52341448
49.2,4.99,19.80612868,39.52341448
49.3,4.985,19.90849447,39.52341448
49.4,4.985,19.80612868,39.52341448
49.499,4.99,19.80612868,39.42231247
49.6,4.98,19.70376289,39.01790442
49.701,4.985,19.90849447,39.52341448
49.8,4.98,19.80612868,39.52341448
49.9,4.98,19.80612868,39.52341448
50,4.98,19.90849447,39.52341448
50.1,4.985,19.80612868,39.62451649
50.2,4.98,19.80612868,39.7256185
50.3,4.98,19.80612868,39.7256185
50.4,4.985,19.80612868,39.82672052
50.5,4.985,19.80612868,39.82672052
50.6,4.98,19.80612868,39.82672052
50.701,4.985,19.90849447,39.68176266
50.799,4.98,19.90849447,40.08511985
50.9,4.985,19.80612868,40.28485797
51,4.98,19.80612868,40.28485797
51.1,4.985,19.90849447,40.58446515
51.201,4.985,19.80612868,40.38472703
51.3,4.985,19.80612868,40.48459609
51.4,4.985,19.80612868,40.58446515
51.5,4.98,19.80612868,40.38472703
51.601,4.98,19.90849447,40.48459609
51.7,4.985,19.90849447,40.58446515
51.801,4.985,19.80612868,40.12844086
51.9,4.98,19.90849447,40.5279171
51.999,4.98,19.80612868,40.62778616
52.1,4.985,19.80612868,40.72765522
52.199,4.985,19.90849447,40.72765522
52.301,4.985,19.90849447,40.82752429
52.4,4.98,19.90849447,40.82752429
52.499,4.98,19.80612868,41.02726241
52.6,4.985,19.80612868,41.12713147
52.7,4.99,19.80612868,41.32686959
52.799,4.985,19.80612868,41.22700053
52.9,4.985,19.80612868,40.82752429
53,4.98,19.90849447,41.52660771
53.1,4.985,19.80612868,41.52660771
53.199,4.98,19.80612868,41.42673865
53.3,4.985,19.90849447,41.52660771
53.4,4.985,19.90849447,41.62647677
53.5,4.98,19.80612868,41.52660771
53.6,4.98,19.90849447,41.52660771
53.7,4.985,19.80612868,41.62647677
53.8,4.98,19.90849447,41.52660771
53.9,4.985,19.90849447,41.52660771
53.999,4.98,19.80612868,41.12713147
54.1,4.98,19.90849447,41.62647677
54.2,4.985,19.90849447,41.62647677
54.3,4.985,19.80612868,41.82621489
54.399,4.985,19.80612868,41.82621489
54.5,4.985,19.80612868,42.02595301
54.599,4.985,19.80612868,42.12582207
54.7,4.985,19.90849447,42.42542925
54.8,4.985,19.80612868,42.72503644
54.899,4.98,19.80612868,42.92477456
54.999,4.985,19.90849447,43.22438174
55.1,4.985,19.80612868,43.12451268
55.199,4.985,19.80612868,43.8235961
55.3,4.985,19.80612868,44.12320328
55.4,4.98,19.90849447,44.02333422
55.499,4.985,19.80612868,44.32294141
55.6,4.985,19.90849447,44.22307234
55.699,4.985,19.90849447,44.52267953
55.8,4.98,19.80612868,44.82228671
55.901,4.985,19.90849447,44.92215577
56.001,4.985,19.90849447,44.92215577
56.101,4.985,19.90849447,45.02202483
56.2,4.98,19.80612868,44.72241765
56.301,4.985,19.90849447,45.22176295
56.401,4.985,19.90849447,45.32163201
56.499,4.985,19.90849447,45.22176295
56.599,4.98,19.90849447,45.42150107
56.703,4.985,19.90849447,45.62123919
56.799,4.99,19.90849447,45.52137013
56.9,4.98,19.90849447,45.72110825
57.001,4.98,19.80612868,46.1205845
57.1,4.985,19.90849447,46.22045356
57.2,4.985,19.90849447,46.52006074
57.3,4.985,19.90849447,46.52006074
57.399,4.98,19.90849447,47.01940604
57.5,4.985,19.80612868,47.21914416
57.6,4.985,19.90849447,47.21914416
57.7,4.985,19.80612868,47.41888228
57.8,4.985,19.90849447,47.51875134
57.901,4.985,19.90849447,47.6186204
58,4.985,19.80612868,47.51875134
58.1,4.985,19.90849447,47.6186204
58.202,4.985,19.90849447,47.81835852
58.3,4.98,19.90849447,47.6186204
58.4,4.98,19.80612868,47.21914416
58.5,4.985,19.80612868,47.6186204
58.6,4.985,19.90849447,47.51875134
58.699,4.98,19.80612868,47.31901322
58.8,4.98,19.90849447,47.31901322
58.901,4.985,19.90849447,47.31901322
59,4.98,19.90849447,47.21914416
59.1,4.98,19.90849447,47.41888228
59.201,4.985,19.80612868,47.71848946
59.3,4.985,19.90849447,47.91822759
59.399,4.98,19.80612868,48.21783477
59.499,4.985,19.90849447,48.61731101
59.6,4.985,19.90849447,49.11665631
59.7,4.985,19.80612868,49.31639443
59.8,4.985,19.80612868,49.61600162
59.9,4.98,19.80612868,49.71587068
59.999,4.98,19.90849447,49.71587068
60.1,4.98,19.80612868,49.81573974
60.2,4.985,19.90849447,49.81573974
60.3,4.985,19.80612868,49.61600162
60.4,4.985,19.90849447,49.71587068
60.5,4.985,19.90849447,49.61600162
60.6,4.98,19.80612868,49.71587068
60.7,4.98,19.90849447,49.9156088
60.8,4.985,19.90849447,50.31508504
60.899,4.98,19.80612868,50.51482316
61.001,4.98,19.80612868,50.9142994
61.1,4.985,19.90849447,50.9142994
61.2,4.985,19.80612868,51.01416846
61.3,4.985,19.90849447,51.11403752
61.4,4.985,19.90849447,51.01416846
61.499,4.985,19.90849447,51.01416846
61.6,4.98,19.80612868,50.81443034
61.7,4.985,19.80612868,50.71456128
61.8,4.985,19.90849447,50.71456128
61.9,4.98,19.90849447,50.71456128
61.999,4.985,19.90849447,50.71456128
62.1,4.985,19.90849447,50.71456128
62.2,4.99,19.80612868,50.71456128
62.3,4.985,19.80612868,51.01416846
62.399,4.985,19.80612868,51.11403752
62.5,4.98,19.90849447,51.61338283
62.599,4.98,19.90849447,51.81312095
62.701,4.98,19.90849447,51.91299001
62.8,4.985,19.90849447,52.11272813
62.899,4.985,19.80612868,52.01285907
63,4.985,19.80612868,52.21259719
63.099,4.98,19.80612868,52.41233531
63.199,4.985,19.90849447,52.01285907
63.3,4.985,19.80612868,52.11272813
63.4,4.985,19.90849447,51.81312095
63.5,4.985,19.80612868,51.81312095
63.6,4.985,19.80612868,51.61338283
63.7,4.985,19.80612868,51.41364471
63.799,4.98,19.90849447,51.21390658
63.9,4.985,19.80612868,51.21390658
64,4.985,19.80612868,51.11403752
64.1,4.98,19.80612868,50.9142994
64.2,4.985,19.90849447,50.81443034
64.3,4.985,19.90849447,50.61469222
64.4,4.985,19.90849447,50.61469222
64.499,4.985,19.90849447,50.31508504
64.599,4.985,19.80612868,50.31508504
64.7,4.985,19.90849447,50.31508504
64.799,4.98,19.80612868,50.51482316
64.9,4.985,19.90849447,50.81443034
64.999,4.985,19.90849447,51.21390658
65.1,4.985,19.80612868,51.71325189
65.2,4.98,19.80612868,52.21259719
65.3,4.985,19.90849447,52.71194249
65.4,4.98,19.90849447,53.11141873
65.5,4.985,19.90849447,53.51089498
65.6,4.985,19.80612868,53.7106331
65.701,4.985,19.90849447,53.7106331
65.801,4.985,19.90849447,53.61076404
65.901,4.985,19.80612868,53.2112878
66,4.985,19.90849447,52.91168061
66.1,4.985,19.80612868,52.61207343
66.201,4.985,19.90849447,52.21259719
66.3,4.98,19.90849447,51.91299001
66.4,4.985,19.80612868,51.61338283
66.499,4.98,19.80612868,51.41364471
66.6,4.98,19.90849447,51.31377564
66.699,4.98,19.80612868,51.11403752
66.8,4.985,19.80612868,51.21390658
66.9,4.98,19.90849447,51.31377564
67,4.98,19.90849447,51.41364471
67.1,4.985,19.90849447,51.51351377
67.201,4.985,19.80612868,51.81312095
67.3,4.985,19.80612868,51.91299001
67.399,4.985,19.80612868,52.11272813
67.5,4.985,19.90849447,52.31246625
67.599,4.98,19.80612868,52.51220437
67.701,4.98,19.90849447,52.71194249
67.799,4.985,19.90849447,53.01154967
67.899,4.98,19.90849447,53.2112878
68,4.98,19.80612868,53.51089498
68.1,4.985,19.80612868,53.81050216
68.2,4.98,19.90849447,54.01024028
68.3,4.985,19.80612868,54.40971652
68.399,4.985,19.90849447,54.50958558
68.5,4.985,19.90849447,54.7093237
68.599,4.985,19.90849447,54.80919276
68.7,4.985,19.90849447,54.90906182
68.801,4.98,19.80612868,55.10879995
68.9,4.985,19.80612868,55.20866901
69,4.98,19.80612868,55.30853807
69.101,4.98,19.90849447,55.40840713
69.199,4.985,19.90849447,55.40840713
69.299,4.98,19.90849447,55.50827619
69.4,4.985,19.90849447,55.70801431
69.5,4.98,19.90849447,55.70801431
69.601,4.98,19.90849447,55.70801431
69.7,4.985,19.80612868,55.70801431
69.8,4.985,19.80612868,55.70801431
69.899,4.985,19.90849447,55.80788337
69.999,4.98,19.90849447,55.80788337
70.1,4.98,19.90849447,55.60814525
70.201,4.985,19.80612868,55.60814525
70.3,4.985,19.90849447,55.50827619
70.399,4.98,19.80612868,55.40840713
70.5,4.98,19.80612868,55.30853807
70.602,4.985,19.90849447,55.00893089
70.7,4.985,19.80612868,54.90906182
70.802,4.98,19.90849447,54.80919276
70.9,4.985,19.90849447,54.60945464
70.999,4.985,19.90849447,54.40971652
71.1,4.985,19.90849447,54.30984746
71.2,4.985,19.80612868,54.2099784
71.3,4.985,19.90849447,54.2099784
71.4,4.98,19.90849447,54.11010934
71.499,4.98,19.90849447,54.01024028
71.6,4.98,19.80612868,54.2099784
71.701,4.98,19.90849447,54.11010934
71.801,4.985,19.90849447,54.11010934
71.9,4.985,19.90849447,54.11010934
72.001,4.985,19.90849447,54.2099784
72.102,4.985,19.90849447,54.2099784
72.201,4.985,19.90849447,54.40971652
72.299,4.98,19.90849447,54.40971652
72.401,4.985,19.80612868,54.50958558
72.5,4.985,19.90849447,54.50958558
72.6,4.98,19.90849447,54.50958558
72.7,4.98,19.80612868,54.7093237
72.8,4.985,19.90849447,54.60945464
72.9,4.98,19.90849447,54.60945464
73,4.985,19.90849447,54.60945464
73.099,4.985,19.90849447,54.60945464
73.201,4.985,19.90849447,54.60945464
73.299,4.985,19.90849447,54.60945464
73.4,4.985,19.90849447,54.60945464
73.5,4.985,19.90849447,54.60945464
73.601,4.985,19.90849447,54.60945464
73.7,4.98,19.90849447,54.60945464
73.801,4.985,19.80612868,54.7093237
73.9,4.98,19.90849447,54.7093237
74.001,4.98,19.90849447,54.80919276
74.1,4.985,19.90849447,54.80919276
74.199,4.985,19.90849447,54.90906182
74.302,4.98,19.80612868,54.90906182
74.401,4.985,19.90849447,54.90906182
74.501,4.985,19.90849447,54.90906182
74.6,4.985,19.90849447,55.00893089
74.7,4.985,19.90849447,55.00893089
74.801,4.985,19.90849447,55.00893089
74.9,4.985,19.80612868,55.00893089
75,4.98,19.90849447,54.90906182
75.099,4.98,20.01072618,54.90906182
75.2,4.98,19.90849447,54.80919276
75.3,4.98,19.90849447,54.7093237
75.401,4.985,19.90849447,54.60945464
75.5,4.99,19.90849447,54.60945464
75.6,4.985,20.01072618,54.40971652
75.699,4.985,19.90849447,54.40971652
75.801,4.98,19.90849447,54.2099784
75.901,4.985,19.90849447,54.60945464
76,4.98,19.80612868,56.60683585
76.1,4.985,19.90849447,57.20605022
76.2,4.985,19.90849447,57.5056574
76.3,4.98,19.90849447,57.60552646
76.399,4.98,19.80612868,57.60552646
76.501,4.98,19.90849447,57.20605022
76.6,4.99,19.90849447,56.70670492
76.701,4.98,19.90849447,56.10749055
76.8,4.98,19.90849447,55.50827619
76.9,4.985,19.90849447,54.90906182
77,4.985,19.90849447,54.30984746
77.1,4.985,19.90849447,53.81050216
77.2,4.985,19.90849447,53.31115686
77.301,4.985,19.90849447,52.71194249
77.4,4.985,19.90849447,52.31246625
77.5,4.98,19.90849447,51.91299001
77.6,4.985,19.80612868,51.51351377
77.7,4.985,19.90849447,51.21390658
77.8,4.985,19.90849447,50.71456128
77.901,4.985,19.90849447,50.4149541
78.001,4.985,19.90849447,50.21521598
78.1,4.985,19.90849447,49.9156088
78.2,4.985,19.80612868,49.61600162
78.299,4.985,19.90849447,49.41626349
78.4,4.985,19.90849447,49.11665631
78.5,4.985,19.90849447,48.91691819
78.601,4.98,19.90849447,48.71718007
78.7,4.985,19.90849447,48.51744195
78.801,4.985,20.31403221,48.21783477
78.899,4.985,23.65039861,47.91822759
79,4.98,27.49227506,47.71848946
79.1,4.985,30.12092737,47.6186204
79.201,4.98,31.43525353,47.31901322
79.299,4.985,32.0418656,47.1192751
79.399,4.985,33.55839578,46.81966792
79.5,4.985,34.67051791,46.6199298
79.601,4.98,34.87272193,46.42019168
79.7,4.985,35.07492595,46.1205845
79.8,4.985,35.88374205,45.82097731
79.901,4.98,35.98484406,45.62123919
80,4.98,36.08594607,45.42150107
80.099,4.98,36.08594607,45.22176295
80.2,4.98,36.08594607,44.92215577
80.3,4.98,35.78264004,44.72241765
80.4,4.98,35.479334,44.52267953
80.499,4.98,35.07492595,44.42281047
80.601,4.985,34.77161992,44.22307234
80.701,4.985,34.67051791,43.92346516
80.801,4.985,34.36721187,43.72372704
80.9,4.985,34.06390584,43.62385798
81,4.985,33.86170181,43.42411986
81.101,4.985,33.7605998,43.22438174
81.201,4.985,33.55839578,43.02464362
81.299,4.985,33.55839578,42.8249055
81.4,4.985,33.35619175,42.72503644
81.499,4.985,33.35619175,42.52529831
81.6,4.985,33.25508974,42.32556019
81.7,4.985,33.15398773,42.12582207
81.801,4.985,33.15398773,41.82621489
81.901,4.985,33.15398773,41.72634583
82,4.98,33.25508974,41.62647677
82.1,4.98,33.25508974,41.62647677
82.2,4.98,33.25508974,41.62647677
82.3,4.98,33.25508974,41.52660771
82.401,4.98,33.15398773,41.52660771
82.501,4.98,33.25508974,41.52660771
82.6,4.99,33.25508974,41.52660771
82.699,4.98,33.35619175,41.52660771
82.8,4.985,33.35619175,41.42673865
82.899,4.985,33.25508974,41.32686959
83,4.98,33.25508974,41.22700053
83.1,4.985,33.25508974,41.22700053
83.201,4.98,33.15398773,41.22700053
83.3,4.985,33.15398773,41.12713147
83.4,4.98,33.15398773,41.12713147
83.501,4.985,33.05288572,41.12713147
83.601,4.985,33.05288572,41.12713147
83.701,4.985,33.05288572,41.02726241
83.799,4.985,32.9517837,41.02726241
83.901,4.985,33.05288572,41.02726241
84,4.98,32.9517837,41.02726241
84.104,4.985,33.05288572,40.82752429
84.201,4.98,32.9517837,40.72765522
84.3,4.98,32.85068169,40.42804804
84.401,4.98,32.9517837,40.22830992
84.5,4.985,32.85068169,40.0285718
84.601,4.985,32.9517837,39.7256185
84.701,4.98,32.85068169,39.52341448
84.801,4.985,32.85068169,39.22010844
84.901,4.98,32.85068169,39.11900643
85,4.985,32.85068169,38.8157004
85.1,4.985,32.85068169,38.61349637
85.199,4.985,32.85068169,38.51239436
85.301,4.98,32.85068169,38.31019034
85.401,4.985,32.85068169,37.70357826
85.499,4.985,32.74957968,37.60247625
85.601,4.98,32.85068169,37.40027223
85.699,4.985,32.85068169,37.40027223
85.8,4.985,32.85068169,37.29917022
85.9,4.98,32.74957968,37.19806821
86.001,4.985,32.74957968,37.19806821
86.1,4.98,32.85068169,37.09696619
86.2,4.985,32.64847767,36.99586418
86.3,4.985,32.74957968,36.89476217
86.4,4.98,32.74957968,36.89476217
86.499,4.98,32.74957968,36.89476217
86.601,4.985,32.64847767,36.79366016
86.701,4.985,32.74957968,36.69255815
86.8,4.985,32.74957968,36.59145613
86.901,4.985,32.64847767,36.59145613
87,4.98,32.64847767,36.38925211
87.1,4.985,32.74957968,36.38925211
87.2,4.98,32.64847767,36.2881501
87.301,4.985,32.64847767,36.2881501
87.399,4.98,32.64847767,36.18704809
87.501,4.985,32.64847767,36.08594607
87.602,4.985,32.74957968,36.08594607
87.701,4.985,32.64847767,35.98484406
87.801,4.985,32.64847767,35.98484406
87.901,4.985,32.64847767,35.88374205
88,4.98,32.74957968,35.78264004
88.1,4.985,32.74957968,35.68153803
88.2,4.98,32.64847767,35.78264004
88.3,4.98,32.64847767,35.68153803
88.4,4.985,32.64847767,35.479334
88.499,4.985,32.64847767,35.58043601
88.6,4.985,32.64847767,35.37823199
88.7,4.985,32.64847767,35.37823199
88.799,4.98,32.64847767,35.27712998
88.901,4.98,32.64847767,35.27712998
89.001,4.98,32.74957968,35.17602797
89.101,4.98,32.64847767,35.07492595
89.2,4.985,32.64847767,34.97382394
89.3,4.985,32.64847767,34.97382394
89.401,4.985,32.54737566,34.97382394
89.501,4.98,32.64847767,34.97382394
89.601,4.98,32.64847767,34.87272193
89.7,4.985,32.54737566,34.77161992
89.801,4.985,32.64847767,34.77161992
89.901,4.985,32.64847767,34.67051791
90,4.98,32.64847767,34.67051791
90.101,4.98,32.54737566,34.56941589
90.201,4.98,32.54737566,34.56941589
90.3,4.98,32.64847767,34.46831388
90.4,4.985,32.54737566,34.36721187
90.5,4.98,32.54737566,34.36721187
90.601,4.985,32.54737566,34.36721187
90.701,4.985,32.54737566,34.36721187
90.801,4.98,32.54737566,34.16500785
90.9,4.98,32.54737566,34.16500785
91.001,4.985,32.54737566,34.16500785
91.1,4.98,32.54737566,34.06390584
91.199,4.98,32.54737566,34.06390584
91.3,4.985,32.54737566,33.96280382
91.401,4.98,32.64847767,33.86170181
91.5,4.985,32.54737566,33.86170181
91.6,4.98,32.54737566,33.86170181
91.699,4.98,32.54737566,33.7605998
91.8,4.98,32.54737566,33.7605998
91.9,4.98,32.54737566,33.65949779
92,4.98,32.54737566,33.55839578
92.1,4.985,32.64847767,33.55839578
92.2,4.985,32.54737566,33.55839578
92.3,4.975,32.54737566,33.45729376
92.4,4.985,32.54737566,33.45729376
92.501,4.985,32.54737566,33.35619175
92.6,4.98,32.54737566,33.45729376
92.701,4.98,32.54737566,33.35619175
92.8,4.985,32.54737566,33.35619175
92.9,4.98,32.54737566,33.25508974
93,4.98,32.54737566,33.25508974
93.1,4.985,32.54737566,33.15398773
93.201,4.98,32.54737566,33.15398773
93.3,4.98,32.54737566,33.15398773
93.401,4.98,32.54737566,33.15398773
93.5,4.985,32.54737566,32.9517837
93.601,4.98,32.54737566,33.05288572
93.7,4.985,32.54737566,33.05288572
93.8,4.985,32.54737566,32.85068169
93.899,4.98,32.54737566,32.85068169
94,4.985,32.54737566,32.85068169
94.1,4.98,32.54737566,32.85068169
94.201,4.985,32.54737566,32.74957968
94.3,4.985,32.54737566,32.64847767
94.4,4.985,32.44627364,32.64847767
94.499,4.98,32.64847767,32.64847767
94.601,4.98,32.54737566,32.64847767
94.7,4.985,32.54737566,32.64847767
94.801,4.98,32.54737566,32.54737566
94.9,4.98,32.54737566,32.54737566
94.999,4.985,32.54737566,32.44627364
95.101,4.985,32.54737566,32.44627364
95.2,4.985,32.54737566,32.44627364
95.301,4.985,32.54737566,32.34517163
95.399,4.985,32.54737566,32.34517163
95.501,4.985,32.54737566,32.34517163
95.599,4.98,32.54737566,32.24406962
95.699,4.985,32.44627364,32.24406962
95.801,4.98,32.44627364,32.24406962
95.9,4.985,32.54737566,32.14296761
96,4.98,32.44627364,32.14296761
96.1,4.98,32.44627364,32.14296761
96.201,4.98,32.44627364,32.0418656
96.3,4.98,32.44627364,32.0418656
96.399,4.98,32.54737566,32.0418656
96.5,4.985,32.54737566,31.94076358
96.6,4.985,32.54737566,31.94076358
96.7,4.985,32.54737566,31.83966157
96.8,4.985,32.54737566,31.83966157
96.899,4.985,32.54737566,31.83966157
97,4.985,32.54737566,31.83966157
97.101,4.985,32.44627364,31.73855956
97.201,4.985,32.44627364,31.73855956
97.3,4.985,32.44627364,31.63745755
97.401,4.985,32.44627364,31.63745755
97.5,4.98,32.44627364,31.53635554
97.6,4.98,32.54737566,31.53635554
97.701,4.98,32.54737566,31.53635554
97.801,4.985,32.44627364,31.53635554
97.9,4.985,32.54737566,31.43525353
98,4.985,32.44627364,31.53635554
98.1,4.98,32.44627364,31.33415151
98.2,4.98,32.54737566,31.43525353
98.299,4.985,32.44627364,31.33415151
98.4,4.985,32.44627364,31.2330495
98.499,4.98,32.44627364,31.33415151
98.6,4.98,32.44627364,31.13194749
98.7,4.98,32.44627364,31.13194749
98.8,4.98,32.44627364,31.2330495
98.9,4.985,32.44627364,31.13194749
98.999,4.985,32.44627364,31.03084548
99.1,4.985,32.44627364,31.13194749
99.199,4.985,32.34517163,31.03084548
99.3,4.98,32.44627364,30.92974347
99.4,4.98,32.44627364,30.92974347
99.5,4.985,32.44627364,30.92974347
99.601,4.98,32.34517163,30.92974347
99.7,4.985,32.44627364,30.92974347
99.8,4.985,32.34517163,30.82864145
99.9,4.985,32.34517163,30.72753944
100.001,4.985,32.34517163,30.82864145
100.099,4.98,32.34517163,30.72753944
100.2,4.98,32.34517163,30.62643743
100.3,4.985,32.34517163,30.72753944
100.4,4.985,32.34517163,30.62643743
100.499,4.985,32.34517163,30.62643743
100.6,4.98,32.24406962,30.62643743
100.701,4.985,32.34517163,30.52533542
100.801,4.985,32.34517163,30.52533542
100.9,4.985,32.34517163,30.52533542
101.001,4.985,32.34517163,30.52533542
101.1,4.985,32.34517163,30.32313139
101.201,4.985,32.24406962,30.42423341
101.3,4.985,32.24406962,30.32313139
101.4,4.985,32.24406962,30.32313139
101.5,4.985,32.34517163,30.22202938
101.6,4.98,32.34517163,30.22202938
101.701,4.98,32.24406962,30.22202938
101.8,4.98,32.34517163,30.22202938
101.901,4.985,32.24406962,30.12092737
102,4.98,32.24406962,30.12092737
102.1,4.985,32.34517163,30.12092737
102.199,4.985,32.34517163,30.01982536
102.3,4.985,32.24406962,30.01982536
102.4,4.985,32.34517163,30.01982536
102.499,4.985,32.24406962,30.01982536
102.601,4.98,32.24406962,29.91872335
102.7,4.985,32.34517163,29.91872335
102.8,4.98,32.24406962,29.81762133
102.9,4.98,32.24406962,29.81762133
103.001,4.985,32.24406962,29.81762133
103.1,4.985,32.24406962,29.81762133
103.2,4.985,32.34517163,29.71651932
103.299,4.985,32.34517163,29.71651932
103.402,4.985,32.34517163,29.71651932
103.5,4.985,32.24406962,29.61541731
103.6,4.98,32.24406962,29.61541731
103.7,4.985,32.34517163,29.61541731
103.799,4.985,32.34517163,29.61541731
103.9,4.985,32.34517163,29.5143153
104,4.985,32.24406962,29.5143153
104.101,4.98,32.24406962,29.5143153
104.201,4.98,32.24406962,29.5143153
104.3,4.985,32.34517163,29.41321329
104.4,4.98,32.24406962,29.41321329
104.5,4.985,32.34517163,29.31211127
104.6,4.98,32.24406962,29.31211127
104.7,4.98,32.24406962,29.31211127
104.8,4.98,32.34517163,29.31211127
104.9,4.985,32.24406962,29.21100926
105.001,4.98,32.24406962,29.21100926
105.099,4.98,32.34517163,29.21100926
105.2,4.985,32.24406962,29.21100926
105.3,4.985,32.24406962,29.10990725
105.4,4.985,32.24406962,29.10990725
105.5,4.985,32.24406962,29.10990725
105.6,4.985,32.24406962,29.10990725
105.7,4.98,32.24406962,29.10990725
105.8,4.98,32.34517163,29.10990725
105.9,4.985,32.34517163,29.00880524
105.999,4.98,32.34517163,28.90770323
106.1,4.98,32.34517163,28.90770323
106.2,4.985,32.44627364,28.90770323
106.3,4.985,32.34517163,28.90770323
106.399,4.98,32.44627364,28.80660121
106.5,4.985,32.44627364,28.80660121
106.6,4.98,32.44627364,28.80660121
106.699,4.985,32.44627364,28.80660121
106.8,4.985,32.44627364,28.80660121
106.9,4.985,32.44627364,28.7054992
107,4.98,32.44627364,28.7054992
107.1,4.98,32.44627364,28.60439719
107.2,4.985,32.44627364,28.60439719
107.3,4.98,32.44627364,28.60439719
107.4,4.985,32.44627364,28.50329518
107.5,4.98,32.44627364,28.50329518
107.599,4.985,32.44627364,28.50329518
107.7,4.975,32.44627364,28.50329518
107.8,4.98,32.44627364,28.40219317
107.9,4.98,32.44627364,28.50329518
108,4.985,32.44627364,28.40219317
108.1,4.985,32.44627364,28.40219317
108.2,4.98,32.44627364,28.30109116
108.3,4.985,32.54737566,28.30109116
108.4,4.985,32.44627364,28.30109116
108.5,4.98,32.54737566,28.30109116
108.6,4.98,32.54737566,28.30109116
108.7,4.985,32.54737566,28.19998914
108.8,4.985,32.54737566,28.19998914
108.9,4.985,32.54737566,28.09888713
109,4.985,32.44627364,28.19998914
109.1,4.985,32.54737566,28.09888713
109.2,4.985,32.44627364,28.09888713
109.299,4.985,32.54737566,28.09888713
109.4,4.98,32.54737566,28.09888713
109.5,4.985,32.44627364,27.99778512
109.6,4.985,32.44627364,28.09888713
109.701,4.985,32.44627364,27.99778512
109.8,4.98,32.54737566,27.99778512
109.9,4.985,32.44627364,27.89668311
110.001,4.98,32.44627364,27.89668311
110.1,4.98,32.34517163,27.99778512
110.2,4.98,32.44627364,27.89668311
110.3,4.985,32.44627364,27.89668311
110.401,4.98,32.44627364,27.89668311
110.5,4.98,32.44627364,27.7955811
110.6,4.98,32.34517163,27.7955811
110.7,4.985,32.44627364,27.7955811
110.8,4.98,32.34517163,27.7955811
110.901,4.985,32.34517163,27.7955811
110.999,4.985,32.54737566,27.69447908
111.1,4.985,32.44627364,27.69447908
111.199,4.98,32.34517163,27.7955811
111.3,4.985,32.44627364,27.69447908
111.4,4.98,32.44627364,27.59337707
111.499,4.98,32.44627364,27.59337707
111.601,4.975,32.54737566,27.59337707
111.701,4.985,32.44627364,27.59337707
111.801,4.985,32.44627364,27.59337707
111.9,4.98,32.44627364,27.59337707
112,4.98,32.44627364,27.49227506
112.101,4.98,32.44627364,27.49227506
112.2,4.985,32.44627364,27.49227506
112.3,4.985,32.44627364,27.59337707
112.401,4.98,32.44627364,27.49227506
112.5,4.98,32.44627364,27.39117305
112.599,4.98,32.54737566,27.39117305
112.7,4.985,32.44627364,27.39117305
112.8,4.985,32.44627364,27.39117305
112.899,4.985,32.44627364,27.39117305
113.001,4.98,32.44627364,27.29007104
113.1,4.985,32.44627364,27.29007104
113.201,4.985,32.44627364,27.29007104
113.3,4.98,32.44627364,27.29007104
113.4,4.985,32.34517163,27.39117305
113.499,4.98,32.44627364,27.29007104
113.601,4.98,32.44627364,27.29007104
113.7,4.98,32.34517163,27.29007104
113.8,4.985,32.44627364,27.29007104
113.901,4.98,32.44627364,27.18896902
114,4.985,32.34517163,27.18896902
114.099,4.98,32.44627364,27.08786701
114.2,4.985,32.44627364,27.18896902
114.3,4.985,32.44627364,27.08786701
114.4,4.98,32.34517163,27.08786701
114.5,4.98,32.44627364,27.08786701
114.6,4.98,32.44627364,27.08786701
114.701,4.98,32.34517163,27.08786701
114.8,4.98,32.44627364,26.986765
114.9,4.985,32.44627364,26.986765
115,4.985,32.34517163,26.986765
115.101,4.985,32.44627364,26.986765
115.2,4.98,32.44627364,26.88566299
115.3,4.985,32.44627364,26.986765
115.399,4.985,32.44627364,26.88566299
115.5,4.98,32.34517163,26.88566299
115.6,4.98,32.28788011,26.986765
115.7,4.985,32.28788011,26.88566299
115.801,4.985,32.28788011,26.78456098
115.9,4.98,32.28788011,26.88566299
116,4.985,32.38898212,26.78456098
116.099,4.985,32.28788011,26.78456098
116.2,4.98,32.28788011,26.78456098
116.3,4.985,32.28788011,26.78456098
116.4,4.985,32.28788011,26.68345896
116.5,4.985,32.28788011,26.78456098
116.601,4.985,32.28788011,26.78456098
116.7,4.98,32.34517163,26.78456098
116.799,4.98,32.34517163,26.78456098
116.9,4.985,32.34517163,26.68345896
117.001,4.98,32.34517163,26.68345896
117.1,4.985,32.34517163,26.68345896
117.2,4.98,32.34517163,26.68345896
117.299,4.985,32.34517163,26.58235695
117.401,4.985,32.34517163,26.58235695
117.5,4.985,32.34517163,26.58235695
117.6,4.985,32.34517163,26.58235695
117.7,4.98,32.24406962,26.58235695
117.8,4.985,32.34517163,26.58235695
117.9,4.98,32.34517163,26.58235695
118,4.985,32.34517163,26.58235695
118.101,4.985,32.34517163,26.48125494
118.201,4.985,32.34517163,26.48125494
118.3,4.98,32.34517163,26.48125494
118.401,4.985,32.24406962,26.48125494
118.501,4.985,32.34517163,26.48125494
118.6,4.985,32.24406962,26.48125494
118.7,4.98,32.34517163,26.48125494
118.8,4.98,32.34517163,26.48125494
118.9,4.98,32.28788011,26.38015293
119,4.98,32.28788011,26.38015293
119.1,4.98,32.28788011,26.38015293
119.201,4.98,32.1867781,26.38015293
119.3,4.98,32.28788011,26.38015293
119.401,4.98,32.28788011,26.38015293
119.5,4.98,32.28788011,26.27905092
119.6,4.985,32.28788011,26.27905092
119.7,4.985,32.28788011,26.38015293
119.8,4.985,32.28788011,26.27905092
119.9,4.985,32.28788011,26.27905092
120,4.98,32.34517163,26.1779489
120.101,4.985,32.34517163,26.1779489
120.2,4.985,32.24406962,26.27905092
120.301,4.985,32.34517163,26.1779489
120.4,4.985,32.34517163,26.27905092
120.5,4.985,32.34517163,26.1779489
120.599,4.98,32.34517163,26.1779489
120.699,4.985,32.34517163,26.1779489
120.801,4.985,32.34517163,26.1779489
120.903,4.98,32.24406962,26.07684689
121,4.985,32.24406962,26.1779489
121.101,4.985,32.34517163,26.07684689
121.201,4.98,32.34517163,26.07684689
121.3,4.985,32.34517163,26.07684689
121.4,4.985,32.34517163,26.07684689
121.501,4.985,32.34517163,26.07684689
121.601,4.985,32.34517163,26.07684689
121.7,4.98,32.34517163,26.07684689
121.8,4.985,32.24406962,25.97574488
121.901,4.98,32.34517163,25.97574488
122.001,4.98,32.34517163,25.97574488
122.1,4.985,32.34517163,25.97574488
122.2,4.985,32.34517163,25.87464287
122.3,4.985,32.24406962,25.87464287
122.4,4.985,32.34517163,25.97574488
122.501,4.98,32.24406962,25.87464287
122.601,4.98,32.24406962,25.97574488
122.702,4.98,32.34517163,25.87464287
122.8,4.985,32.34517163,25.87464287
122.899,4.985,32.24406962,25.87464287
123.001,4.98,32.34517163,25.87464287
123.1,4.98,32.34517163,25.77354086
123.2,4.985,32.24406962,25.77354086
123.3,4.985,32.34517163,25.77354086
123.4,4.985,32.24406962,25.77354086
123.5,4.985,32.24406962,25.77354086
123.601,4.98,32.34517163,25.77354086
123.7,4.985,32.24406962,25.77354086
123.8,4.985,32.34517163,25.77354086
123.9,4.985,32.24406962,25.67243885
124,4.985,32.24406962,25.67243885
124.101,4.98,32.24406962,25.67243885
124.2,4.985,32.24406962,25.67243885
124.3,4.98,32.24406962,25.67243885
124.4,4.98,32.24406962,25.57133683
124.501,4.985,32.34517163,25.67243885
124.602,4.985,32.24406962,25.67243885
124.7,4.98,32.24406962,25.67243885
124.799,4.98,32.34517163,25.57133683
124.899,4.985,32.34517163,25.67243885
125,4.98,32.34517163,25.57133683
125.099,4.985,32.24406962,25.57133683
125.2,4.98,32.24406962,25.57133683
125.3,4.985,32.14296761,25.57133683
125.403,4.985,32.34517163,25.57133683
125.499,4.98,32.1867781,25.36913281
125.599,4.985,32.1867781,25.57133683
125.7,4.985,32.1867781,25.47023482
125.799,4.985,32.1867781,25.47023482
125.901,4.985,32.1867781,25.57133683
126,4.985,32.1867781,25.36913281
126.1,4.985,32.28788011,25.47023482
126.2,4.98,32.1867781,25.47023482
126.3,4.985,32.1867781,25.36913281
126.4,4.98,32.1867781,25.36913281
126.5,4.98,32.1867781,25.36913281
126.6,4.985,32.24406962,25.16692879
126.7,4.985,32.24406962,25.36913281
126.8,4.985,32.24406962,25.36913281
126.9,4.985,32.24406962,25.36913281
126.999,4.985,32.24406962,25.2680308
127.1,4.985,32.24406962,25.2680308
127.2,4.985,32.24406962,25.36913281
127.3,4.98,32.24406962,25.2680308
127.401,4.985,32.24406962,25.2680308
127.5,4.98,32.24406962,25.36913281
127.6,4.985,32.24406962,25.2680308
127.7,4.985,32.24406962,25.16692879
127.8,4.985,32.24406962,25.2680308
127.9,4.985,32.24406962,25.36913281
128,4.985,32.24406962,25.16692879
128.099,4.98,32.24406962,25.2680308
128.2,4.985,32.24406962,25.2680308
128.3,4.98,32.24406962,25.16692879
128.401,4.985,32.24406962,25.16692879
128.5,4.98,32.24406962,25.16692879
128.601,4.985,32.24406962,25.2680308
128.7,4.98,32.24406962,25.16692879
128.8,4.98,32.1867781,25.06582677
128.9,4.98,32.08567608,25.16692879
129,4.985,32.1867781,25.16692879
129.1,4.985,32.1867781,25.16692879
129.2,4.98,32.1867781,25.06582677
129.3,4.985,32.1867781,25.06582677
129.399,4.98,32.1867781,25.06582677
129.5,4.98,32.1867781,25.16692879
129.6,4.98,32.1867781,25.06582677
129.7,4.985,32.1867781,25.06582677
129.801,4.985,32.1867781,25.06582677
129.901,4.985,32.14296761,25.06582677
130,4.985,32.24406962,25.06582677
130.101,4.98,32.24406962,25.06582677
130.2,4.98,32.14296761,25.06582677
130.3,4.985,32.34517163,25.06582677
130.399,4.985,32.24406962,24.96472476
130.5,4.98,32.24406962,25.06582677
130.6,4.985,32.24406962,25.06582677
130.7,4.98,32.24406962,25.06582677
130.8,4.985,32.24406962,25.06582677
130.9,4.98,32.24406962,25.06582677
131,4.98,32.24406962,24.96472476
131.1,4.985,32.24406962,24.96472476
131.2,4.985,32.24406962,24.96472476
131.3,4.985,32.24406962,24.96472476
131.4,4.985,32.14296761,24.96472476
131.5,4.98,32.24406962,24.96472476
131.599,4.98,32.24406962,24.96472476
131.7,4.98,32.14296761,24.96472476
131.8,4.985,32.24406962,24.96472476
131.9,4.98,32.24406962,24.86362275
131.999,4.985,32.24406962,24.96472476
132.1,4.985,32.24406962,24.96472476
132.2,4.98,32.24406962,24.86362275
132.299,4.985,32.24406962,24.86362275
132.4,4.98,32.24406962,24.86362275
132.5,4.985,32.24406962,24.86362275
132.6,4.98,32.24406962,24.86362275
132.701,4.98,32.14296761,24.86362275
132.8,4.98,32.24406962,24.86362275
132.9,4.98,32.24406962,24.86362275
133,4.98,32.24406962,24.86362275
133.1,4.985,32.24406962,24.86362275
133.2,4.985,32.1867781,24.86362275
133.299,4.98,32.1867781,24.86362275
133.401,4.985,32.08567608,24.86362275
133.5,4.985,32.1867781,24.76252074
133.6,4.985,32.1867781,24.86362275
133.701,4.98,32.08567608,24.76252074
133.8,4.98,32.1867781,24.76252074
133.901,4.985,32.1867781,24.86362275
133.999,4.98,32.1867781,24.76252074
134.1,4.985,32.1867781,24.76252074
134.2,4.98,32.08567608,24.66141873
134.299,4.985,32.08567608,24.86362275
134.401,4.985,32.1867781,24.76252074
134.5,4.98,32.1867781,24.76252074
134.6,4.98,32.1867781,24.66141873
134.7,4.985,32.08567608,24.76252074
134.8,4.985,32.1867781,24.76252074
134.9,4.98,32.08567608,24.66141873
135,4.985,32.1867781,24.66141873
135.099,4.985,32.1867781,24.66141873
135.199,4.985,32.08567608,24.66141873
135.299,4.98,32.08567608,24.66141873
135.4,4.985,32.14296761,24.66141873
135.5,4.98,32.24406962,24.66141873
135.6,4.985,32.24406962,24.66141873
135.7,4.98,32.14296761,24.56031671
135.8,4.98,32.24406962,24.56031671
135.9,4.985,32.24406962,24.56031671
136,4.985,32.14296761,24.66141873
136.101,4.98,32.14296761,24.56031671
136.2,4.98,32.24406962,24.56031671
136.3,4.98,32.14296761,24.56031671
136.4,4.99,32.14296761,24.56031671
136.5,4.98,32.24406962,24.66141873
136.6,4.985,32.24406962,24.56031671
136.701,4.98,32.24406962,24.56031671
136.8,4.98,32.24406962,24.56031671
136.899,4.98,32.14296761,24.56031671
137.001,4.985,32.24406962,24.56031671
137.101,4.98,32.24406962,24.4592147
137.2,4.985,32.24406962,24.4592147
137.299,4.985,32.24406962,24.66141873
137.4,4.98,32.34517163,24.56031671
137.5,4.985,32.14296761,24.4592147
137.6,4.985,32.08567608,24.56031671
137.7,4.98,32.08567608,24.56031671
137.799,4.98,32.1867781,24.56031671
137.9,4.985,32.1867781,24.4592147
137.999,4.98,32.1867781,24.4592147
138.099,4.985,32.1867781,24.4592147
138.199,4.985,32.1867781,24.4592147
138.3,4.985,32.1867781,24.4592147
138.4,4.985,32.08567608,24.35811269
138.5,4.98,32.1867781,24.4592147
138.601,4.985,32.1867781,24.4592147
138.7,4.98,32.14296761,24.56031671
138.801,4.98,32.24406962,24.35811269
138.9,4.985,32.34517163,24.4592147
139,4.985,32.24406962,24.35811269
139.1,4.985,32.14296761,24.35811269
139.199,4.98,32.24406962,24.4592147
139.3,4.98,32.24406962,24.35811269
139.4,4.985,32.14296761,24.35811269
139.5,4.985,32.14296761,24.35811269
139.599,4.98,32.14296761,24.35811269
139.701,4.985,32.24406962,24.35811269
139.801,4.985,32.14296761,24.35811269
139.9,4.985,32.14296761,24.35811269
140,4.985,32.24406962,24.35811269
140.099,4.985,32.14296761,24.35811269
140.201,4.98,32.14296761,24.35811269
140.3,4.98,32.14296761,24.25701068
140.4,4.985,32.24406962,24.35811269
140.5,4.98,32.14296761,24.35811269
140.6,4.98,32.14296761,24.25701068
140.701,4.98,32.14296761,24.25701068
140.8,4.985,32.0418656,24.25701068
140.899,4.98,32.14296761,24.41535886
140.999,4.985,32.24406962,24.31425685
141.101,4.985,32.14296761,24.31425685
141.2,4.985,32.14296761,24.41535886
141.3,4.985,32.14296761,24.31425685
141.4,4.985,32.14296761,24.31425685
141.5,4.98,32.14296761,24.31425685
141.6,4.985,32.14296761,24.31425685
141.7,4.985,32.24406962,24.31425685
141.801,4.985,32.14296761,24.31425685
141.9,4.985,32.14296761,24.31425685
142.001,4.985,32.14296761,24.25701068
142.1,4.985,32.14296761,24.25701068
142.2,4.985,32.14296761,24.15590867
142.301,4.98,32.14296761,24.15590867
142.4,4.98,32.14296761,24.15590867
142.5,4.985,32.14296761,24.15590867
142.6,4.985,32.24406962,24.15590867
142.7,4.985,32.14296761,24.05480665
142.8,4.985,32.14296761,24.05480665
142.901,4.98,32.14296761,24.25701068
143,4.99,32.14296761,24.15590867
143.099,4.985,32.14296761,24.05480665
143.199,4.98,32.14296761,24.15590867
143.3,4.985,32.14296761,24.05480665
143.4,4.985,32.14296761,24.15590867
143.5,4.985,32.14296761,24.05480665
143.6,4.985,32.14296761,24.15590867
143.699,4.985,32.14296761,24.15590867
143.8,4.985,32.14296761,24.15590867
143.9,4.985,32.14296761,24.15590867
144,4.98,32.14296761,24.05480665
144.1,4.985,32.14296761,24.05480665
144.2,4.985,32.14296761,24.05480665
144.3,4.98,32.0418656,24.05480665
144.4,4.985,32.14296761,24.05480665
144.499,4.98,32.14296761,24.15590867
144.6,4.98,32.14296761,24.05480665
144.7,4.98,32.14296761,24.05480665
144.801,4.985,32.14296761,24.15590867
144.9,4.985,32.14296761,24.05480665
144.999,4.985,32.14296761,24.05480665
145.1,4.98,32.14296761,24.05480665
145.2,4.985,32.14296761,23.95370464
145.3,4.985,32.24406962,24.05480665
145.4,4.98,32.14296761,24.05480665
145.501,4.98,32.14296761,24.05480665
145.6,4.985,32.14296761,24.05480665
145.699,4.985,32.14296761,23.95370464
145.801,4.985,32.14296761,23.95370464
145.9,4.985,32.14296761,24.05480665
145.999,4.98,32.14296761,24.05480665
146.101,4.98,32.0418656,24.05480665
146.2,4.985,32.14296761,24.05480665
146.3,4.99,32.14296761,23.95370464
146.401,4.98,32.14296761,23.85260263
146.501,4.985,32.14296761,23.95370464
146.6,4.985,32.14296761,23.95370464
146.701,4.985,32.14296761,23.95370464
146.799,4.985,32.0418656,23.95370464
146.899,4.985,32.14296761,23.95370464
147,4.985,32.14296761,23.85260263
147.1,4.985,32.14296761,23.95370464
147.2,4.985,32.14296761,23.85260263
147.3,4.98,32.0418656,23.85260263
147.4,4.985,32.14296761,23.85260263
147.5,4.985,32.14296761,23.75150062
147.601,4.985,32.0418656,23.85260263
147.7,4.985,32.14296761,23.85260263
147.8,4.985,32.14296761,23.85260263
147.9,4.985,32.0418656,23.85260263
148,4.985,32.14296761,23.85260263
148.101,4.98,32.0418656,23.85260263
148.2,4.98,32.0418656,23.85260263
148.301,4.985,32.14296761,23.75150062
148.4,4.98,32.0418656,23.85260263
148.503,4.98,32.14296761,23.85260263
148.6,4.985,32.0418656,23.75150062
148.7,4.98,32.14296761,23.85260263
148.8,4.985,32.0418656,23.75150062
148.9,4.985,32.14296761,23.75150062
149,4.985,32.0418656,23.75150062
149.1,4.98,32.0418656,23.75150062
149.201,4.985,32.14296761,23.75150062
149.301,4.985,32.14296761,23.75150062
149.401,4.985,32.0418656,23.75150062
149.5,4.98,32.14296761,23.75150062
149.601,4.985,32.0418656,23.75150062
149.7,4.98,32.14296761,23.65039861
149.8,4.985,32.0418656,23.75150062
149.9,4.98,32.0418656,23.75150062
150,4.985,32.14296761,23.75150062
150.1,4.985,32.0418656,23.75150062
150.199,4.985,32.14296761,23.75150062
150.3,4.985,32.14296761,23.65039861
150.401,4.98,32.0418656,23.75150062
150.5,4.98,32.0418656,23.65039861
150.6,4.98,32.14296761,23.65039861
150.7,4.985,32.0418656,23.75150062
150.8,4.98,32.14296761,23.65039861
150.901,4.98,32.14296761,23.65039861
151,4.98,32.14296761,23.75150062
151.101,4.98,32.0418656,23.65039861
151.2,4.98,32.0418656,23.65039861
151.3,4.985,32.14296761,23.65039861
151.4,4.98,32.14296761,23.65039861
151.5,4.985,32.14296761,23.65039861
151.6,4.985,32.0418656,23.54929659
151.7,4.985,32.14296761,23.54929659
151.8,4.985,32.0418656,23.54929659
151.9,4.98,32.0418656,23.54929659
152,4.985,32.14296761,23.65039861
152.101,4.98,32.0418656,23.54929659
152.2,4.98,32.14296761,23.54929659
152.3,4.985,32.14296761,23.54929659
152.4,4.985,32.14296761,23.54929659
152.501,4.98,32.14296761,23.54929659
152.6,4.985,32.0418656,23.44819458
152.7,4.985,32.14296761,23.44819458
152.8,4.985,32.14296761,23.54929659
152.9,4.98,32.14296761,23.44819458
153,4.985,32.08567608,23.54929659
153.101,4.985,32.08567608,23.54929659
153.201,4.985,32.08567608,23.44819458
153.299,4.985,32.08567608,23.44819458
153.4,4.985,31.98457407,23.44819458
153.5,4.98,32.08567608,23.44819458
153.6,4.98,32.08567608,23.44819458
153.7,4.98,31.98457407,23.44819458
153.8,4.98,32.08567608,23.34709257
153.9,4.985,31.98457407,23.44819458
154,4.98,32.08567608,23.44819458
154.1,4.985,32.0418656,23.44819458
154.2,4.98,32.0418656,23.34709257
154.3,4.98,32.14296761,23.44819458
154.4,4.985,32.0418656,23.44819458
154.499,4.98,32.14296761,23.44819458
154.6,4.985,32.14296761,23.44819458
154.7,4.985,32.0418656,23.44819458
154.801,4.985,32.14296761,23.34709257
154.899,4.98,32.14296761,23.34709257
155,4.985,32.0418656,23.34709257
155.1,4.98,32.14296761,23.34709257
155.2,4.98,32.0418656,23.44819458
155.3,4.98,32.0418656,23.34709257
155.401,4.985,32.0418656,23.34709257
155.499,4.98,32.0418656,23.34709257
155.6,4.98,32.0418656,23.34709257
155.701,4.985,32.0418656,23.24599056
155.8,4.985,32.0418656,23.34709257
155.901,4.98,32.14296761,23.34709257
156.001,4.98,32.0418656,23.24599056
156.1,4.985,32.14296761,23.34709257
156.199,4.985,32.14296761,23.24599056
156.3,4.985,31.94076358,23.44819458
156.399,4.98,32.0418656,23.34709257
156.5,4.985,32.0418656,23.24599056
156.6,4.98,32.0418656,23.24599056
156.7,4.985,32.14296761,23.24599056
156.8,4.985,32.0418656,23.34709257
156.899,4.98,32.0418656,23.24599056
157,4.985,32.14296761,23.24599056
157.1,4.98,32.14296761,23.24599056
157.2,4.98,32.0418656,23.24599056
157.3,4.985,32.0418656,23.24599056
157.4,4.985,32.0418656,23.34709257
157.5,4.985,32.0418656,23.24599056
157.599,4.98,32.0418656,23.24599056
157.701,4.985,32.0418656,23.24599056
157.8,4.98,32.0418656,23.24599056
157.9,4.985,32.0418656,23.24599056
157.999,4.98,32.14296761,23.24599056
158.1,4.985,32.14296761,23.24599056
158.2,4.985,32.0418656,23.24599056
158.3,4.985,32.14296761,23.14488855
158.4,4.985,32.0418656,23.24599056
158.501,4.985,32.0418656,23.24599056
158.603,4.985,32.0418656,23.24599056
158.699,4.985,32.14296761,23.24599056
158.8,4.98,32.14296761,23.14488855
158.9,4.985,32.14296761,23.24599056
159,4.985,32.14296761,23.24599056
159.099,4.98,32.14296761,23.14488855
159.2,4.985,32.0418656,23.24599056
159.299,4.985,32.0418656,23.14488855
159.4,4.98,32.14296761,23.14488855
159.5,4.985,32.14296761,23.14488855
159.6,4.98,32.0418656,23.24599056
159.7,4.98,32.14296761,23.14488855
159.8,4.985,32.14296761,23.14488855
159.9,4.985,32.14296761,23.14488855
160,4.985,32.14296761,23.14488855
160.1,4.985,32.14296761,23.14488855
160.199,4.98,32.14296761,23.14488855
160.301,4.98,32.14296761,23.14488855
160.4,4.985,32.0418656,23.14488855
160.499,4.98,32.14296761,23.14488855
160.6,4.985,32.14296761,23.14488855
160.7,4.985,32.0418656,23.24599056
160.799,4.98,32.0418656,23.04378653
160.901,4.98,32.0418656,23.04378653
160.999,4.98,32.0418656,23.04378653
161.1,4.985,32.0418656,23.04378653
161.2,4.985,32.14296761,23.04378653
161.3,4.98,32.0418656,23.04378653
161.4,4.985,32.0418656,23.04378653
161.5,4.985,32.14296761,23.04378653
161.6,4.985,32.14296761,23.04378653
161.701,4.985,32.0418656,23.14488855
161.8,4.98,32.0418656,23.14488855
161.9,4.985,32.14296761,23.04378653
162,4.98,32.0418656,23.04378653
162.099,4.985,32.0418656,23.14488855
162.2,4.99,32.14296761,23.04378653
162.3,4.98,32.0418656,23.04378653
162.4,4.98,32.0418656,23.14488855
162.5,4.985,32.0418656,23.14488855
162.6,4.985,32.14296761,23.04378653
162.699,4.985,32.0418656,23.04378653
162.801,4.985,32.14296761,23.04378653
162.899,4.98,32.0418656,23.04378653
163,4.985,32.0418656,23.04378653
163.1,4.985,32.0418656,23.14488855
163.201,4.98,32.0418656,23.04378653
163.301,4.985,32.0418656,22.94268452
163.4,4.985,32.0418656,23.04378653
163.5,4.98,32.0418656,23.04378653
163.601,4.98,32.0418656,23.14488855
163.7,4.98,32.0418656,23.04378653
163.8,4.98,32.0418656,23.04378653
163.901,4.985,32.0418656,23.04378653
164,4.98,32.0418656,23.04378653
164.1,4.985,32.0418656,23.04378653
164.199,4.98,32.0418656,23.04378653
164.301,4.985,32.14296761,23.04378653
164.4,4.985,32.0418656,23.04378653
164.5,4.985,32.0418656,23.04378653
164.6,4.985,31.94076358,23.04378653
164.7,4.98,32.0418656,23.04378653
164.8,4.98,31.94076358,23.04378653
164.899,4.985,32.14296761,23.04378653
164.999,4.985,32.0418656,23.04378653
165.1,4.98,32.14296761,23.04378653
165.201,4.98,32.0418656,23.04378653
165.3,4.985,32.0418656,23.04378653
165.4,4.985,32.0418656,23.04378653
165.5,4.985,32.0418656,23.04378653
165.601,4.98,32.0418656,23.04378653
165.699,4.985,32.0418656,23.04378653
165.8,4.985,32.0418656,23.04378653
165.9,4.985,32.0418656,23.04378653
166,4.985,31.94076358,23.04378653
166.1,4.98,32.0418656,22.94268452
166.2,4.985,32.0418656,23.04378653
166.301,4.985,32.0418656,23.04378653
166.401,4.985,32.14296761,23.04378653
166.5,4.98,32.0418656,23.04378653
166.601,4.985,32.0418656,22.94268452
166.7,4.985,32.0418656,23.04378653
166.8,4.98,32.0418656,22.94268452
166.901,4.98,31.94076358,23.04378653
167,4.98,32.0418656,23.04378653
167.099,4.98,32.0418656,23.04378653
167.2,4.985,32.0418656,22.94268452
167.299,4.98,32.0418656,22.94268452
167.4,4.985,32.0418656,23.04378653
167.5,4.985,32.0418656,23.04378653
167.599,4.985,32.0418656,22.94268452
167.701,4.985,32.0418656,22.94268452
167.8,4.985,32.0418656,22.94268452
167.901,4.98,31.94076358,23.04378653
167.999,4.985,32.0418656,22.94268452
168.099,4.985,32.0418656,23.04378653
168.201,4.985,32.0418656,22.94268452
168.3,4.985,32.0418656,22.94268452
168.4,4.985,32.0418656,22.84158251
168.501,4.98,32.0418656,22.94268452
168.6,4.98,32.0418656,22.94268452
168.7,4.98,32.0418656,22.94268452
168.8,4.985,32.0418656,22.94268452
168.901,4.985,32.0418656,22.94268452
169,4.985,32.0418656,22.94268452
169.1,4.98,31.94076358,22.94268452
169.199,4.985,32.0418656,22.84158251
169.301,4.98,32.0418656,22.94268452
169.401,4.985,32.0418656,22.94268452
169.499,4.985,31.98457407,22.7404805
169.599,4.985,31.98457407,22.94268452
169.7,4.985,31.88347206,22.84158251
169.799,4.98,31.98457407,22.84158251
169.899,4.98,31.88347206,22.94268452
170,4.985,31.98457407,22.84158251
170.101,4.985,31.98457407,22.84158251
170.2,4.98,31.88347206,22.84158251
170.301,4.98,31.88347206,22.84158251
170.4,4.985,31.88347206,22.94268452
170.5,4.98,31.98457407,22.84158251
170.601,4.985,31.98457407,22.7404805
170.701,4.98,31.88347206,22.84158251
170.799,4.98,31.88347206,22.84158251
170.9,4.985,31.88347206,22.84158251
171,4.98,31.88347206,22.84158251
171.1,4.985,31.88347206,22.84158251
171.199,4.985,31.88347206,22.84158251
171.299,4.985,31.88347206,22.84158251
171.4,4.985,31.88347206,22.84158251
171.5,4.985,31.88347206,22.84158251
171.601,4.98,31.88347206,22.84158251
171.7,4.985,31.98457407,22.7404805
171.8,4.98,31.88347206,22.84158251
171.9,4.98,31.88347206,22.84158251
172,4.985,31.88347206,22.84158251
172.101,4.985,31.88347206,22.84158251
172.2,4.98,31.88347206,22.84158251
172.3,4.98,31.98457407,22.84158251
172.4,4.98,31.88347206,22.84158251
172.499,4.985,31.88347206,22.84158251
172.6,4.985,31.88347206,22.84158251
172.703,4.985,31.88347206,22.84158251
172.801,4.98,31.94076358,22.63937849
172.901,4.985,31.94076358,22.84158251
173,4.985,31.94076358,22.7404805
173.1,4.98,31.94076358,22.84158251
173.201,4.985,31.94076358,22.7404805
173.3,4.98,31.94076358,22.7404805
173.4,4.985,31.94076358,22.7404805
173.499,4.99,31.94076358,22.7404805
173.601,4.98,31.94076358,22.84158251
173.699,4.985,31.94076358,22.7404805
173.8,4.985,32.0418656,22.7404805
173.9,4.985,32.0418656,22.63937849
174.001,4.985,31.83966157,22.7404805
174.1,4.98,31.94076358,22.7404805
174.201,4.985,31.94076358,22.7404805
174.3,4.985,31.94076358,22.7404805
174.401,4.98,31.94076358,22.7404805
174.499,4.98,32.0418656,22.7404805
174.601,4.985,31.94076358,22.7404805
174.7,4.98,31.94076358,22.7404805
174.8,4.98,32.0418656,22.63937849
174.899,4.985,31.94076358,22.7404805
175.001,4.98,31.94076358,22.63937849
175.101,4.985,32.0418656,22.7404805
175.2,4.985,32.0418656,22.63937849
175.3,4.98,31.83966157,22.7404805
175.4,4.98,31.94076358,22.63937849
175.5,4.98,31.94076358,22.7404805
175.6,4.985,31.94076358,22.63937849
175.699,4.985,31.94076358,22.7404805
175.8,4.98,32.0418656,22.63937849
175.9,4.985,31.94076358,22.63937849
176,4.98,31.94076358,22.63937849
176.101,4.985,32.0418656,22.69662466
176.201,4.98,31.94076358,22.69662466
176.3,4.985,32.0418656,22.79772667
176.4,4.985,31.94076358,22.69662466
176.499,4.985,31.94076358,22.69662466
176.6,4.985,31.94076358,22.69662466
176.7,4.98,31.94076358,22.69662466
176.801,4.985,31.94076358,22.59552264
176.9,4.985,31.94076358,22.69662466
177,4.98,31.94076358,22.69662466
177.1,4.98,31.94076358,22.69662466
177.2,4.98,31.88347206,22.63937849
177.3,4.985,31.88347206,22.63937849
177.399,4.985,31.88347206,22.53827648
177.499,4.985,31.88347206,22.53827648
177.599,4.985,31.98457407,22.53827648
177.701,4.985,31.98457407,22.63937849
177.801,4.985,31.88347206,22.53827648
177.899,4.985,31.88347206,22.63937849
177.999,4.985,31.98457407,22.63937849
178.101,4.98,31.88347206,22.53827648
178.201,4.985,31.88347206,22.53827648
178.299,4.985,31.88347206,22.63937849
178.401,4.98,31.88347206,22.63937849
178.5,4.98,31.88347206,22.53827648
178.6,4.985,31.98457407,22.53827648
178.699,4.98,31.88347206,22.53827648
178.8,4.985,31.88347206,22.53827648
178.9,4.98,31.88347206,22.53827648
179,4.985,31.88347206,22.53827648
179.1,4.98,31.88347206,22.53827648
179.2,4.985,31.98457407,22.43717446
179.3,4.99,31.88347206,22.53827648
179.401,4.985,31.88347206,22.63937849
179.499,4.98,31.88347206,22.43717446
179.601,4.985,31.88347206,22.53827648
179.7,4.985,31.88347206,22.53827648
179.799,4.985,31.88347206,22.53827648
179.9,4.985,31.88347206,22.53827648
180,4.99,31.88347206,22.53827648
180.1,4.98,31.98457407,22.43717446
180.2,4.985,31.98457407,22.43717446
180.299,4.98,31.88347206,22.43717446
180.399,4.985,31.88347206,22.53827648
180.5,4.985,31.94076358,22.53827648
180.6,4.985,31.94076358,22.43717446
180.7,4.985,31.94076358,22.43717446
180.801,4.98,31.94076358,22.43717446
180.9,4.98,31.94076358,22.43717446
181,4.985,32.0418656,22.43717446
181.1,4.98,31.94076358,22.43717446
181.2,4.985,31.94076358,22.53827648
181.3,4.985,32.0418656,22.43717446
181.4,4.98,32.0418656,22.43717446
181.501,4.985,31.94076358,22.43717446
181.601,4.985,31.94076358,22.53827648
181.7,4.98,31.94076358,22.43717446
181.8,4.985,31.94076358,22.43717446
181.901,4.98,31.83966157,22.43717446
182,4.985,32.0418656,22.43717446
182.1,4.98,31.94076358,22.43717446
182.2,4.985,31.94076358,22.53827648
182.3,4.985,31.94076358,22.43717446
182.4,4.98,31.94076358,22.43717446
182.501,4.98,32.0418656,22.53827648
182.6,4.98,32.0418656,22.43717446
182.701,4.985,31.94076358,22.53827648
182.8,4.98,32.0418656,22.43717446
182.9,4.985,32.0418656,22.43717446
183,4.98,31.94076358,22.33607245
183.1,4.985,32.0418656,22.43717446
183.2,4.985,32.0418656,22.43717446
183.3,4.98,31.94076358,22.43717446
183.399,4.985,31.94076358,22.43717446
183.5,4.98,32.0418656,22.33607245
183.6,4.985,32.0418656,22.43717446
183.701,4.985,31.94076358,22.43717446
183.801,4.985,31.94076358,22.53827648
183.9,4.98,31.94076358,22.43717446
184,4.985,31.94076358,22.43717446
184.099,4.985,32.0418656,22.43717446
184.201,4.985,32.0418656,22.43717446
184.301,4.985,31.94076358,22.43717446
184.401,4.985,31.94076358,22.43717446
184.5,4.985,31.94076358,22.43717446
184.6,4.985,32.0418656,22.43717446
184.699,4.985,31.94076358,22.33607245
184.801,4.98,31.94076358,22.33607245
184.899,4.98,31.88347206,22.43717446
185,4.98,31.88347206,22.43717446
185.1,4.985,31.88347206,22.33607245
185.2,4.985,31.88347206,22.43717446
185.299,4.98,31.88347206,22.33607245
185.401,4.98,31.88347206,22.33607245
185.501,4.985,31.88347206,22.43717446
185.601,4.985,31.88347206,22.33607245
185.7,4.98,31.98457407,22.33607245
185.8,4.98,31.88347206,22.43717446
185.9,4.985,31.88347206,22.33607245
186,4.985,31.78237005,22.43717446
186.1,4.985,31.88347206,22.33607245
186.2,4.985,31.88347206,22.43717446
186.299,4.985,31.88347206,22.43717446
186.4,4.985,31.88347206,22.43717446
186.5,4.985,31.88347206,22.43717446
186.6,4.98,31.88347206,22.43717446
186.701,4.985,31.88347206,22.43717446
186.8,4.985,31.88347206,22.43717446
186.9,4.985,31.88347206,22.43717446
186.999,4.985,31.88347206,22.33607245
187.1,4.985,31.94076358,22.43717446
187.199,4.98,31.94076358,22.43717446
187.3,4.985,31.94076358,22.43717446
187.4,4.98,31.94076358,22.33607245
187.5,4.985,31.94076358,22.33607245
187.6,4.985,31.94076358,22.43717446
187.7,4.985,31.94076358,22.33607245
187.8,4.985,31.83966157,22.33607245
187.9,4.985,31.94076358,22.43717446
187.999,4.985,31.83966157,22.43717446
188.101,4.98,31.94076358,22.33607245
188.2,4.985,31.88347206,22.43717446
188.3,4.98,31.88347206,22.33607245
188.4,4.98,31.88347206,22.33607245
188.501,4.98,31.88347206,22.33607245
188.601,4.98,31.88347206,22.33607245
188.7,4.985,31.88347206,22.43717446
188.801,4.98,31.78237005,22.33607245
188.9,4.985,31.88347206,22.33607245
189,4.985,31.78237005,22.33607245
189.1,4.98,31.88347206,22.33607245
189.199,4.985,31.88347206,22.43717446
189.299,4.985,31.94076358,22.33607245
189.4,4.98,31.83966157,22.33607245
189.5,4.98,31.94076358,22.33607245
189.6,4.98,31.94076358,22.33607245
189.7,4.985,31.94076358,22.33607245
189.8,4.985,31.94076358,22.33607245
189.9,4.98,31.94076358,22.33607245
190,4.98,31.94076358,22.33607245
190.1,4.985,31.94076358,22.33607245
190.2,4.985,31.94076358,22.33607245
190.3,4.98,31.94076358,22.33607245
190.4,4.98,31.94076358,22.43717446
190.499,4.98,31.94076358,22.33607245
190.6,4.98,31.94076358,22.33607245
190.7,4.985,31.83966157,22.33607245
190.801,4.98,31.94076358,22.33607245
190.9,4.985,31.83966157,22.33607245
190.999,4.985,31.94076358,22.33607245
191.1,4.98,31.94076358,22.33607245
191.201,4.985,31.94076358,22.33607245
191.3,4.985,31.94076358,22.33607245
191.4,4.985,31.94076358,22.33607245
191.499,4.985,31.88347206,22.23497044
191.601,4.985,31.78237005,22.33607245
191.7,4.985,31.88347206,22.33607245
191.801,4.985,31.88347206,22.33607245
191.901,4.985,31.88347206,22.33607245
192,4.985,31.88347206,22.33607245
192.1,4.985,31.78237005,22.33607245
192.2,4.98,31.88347206,22.33607245
192.3,4.985,31.78237005,22.33607245
192.4,4.985,31.88347206,22.33607245
192.5,4.98,31.88347206,22.23497044
192.601,4.985,31.88347206,22.33607245
192.7,4.985,31.88347206,22.33607245
192.8,4.98,31.78237005,22.33607245
192.9,4.98,31.88347206,22.33607245
192.999,4.985,31.88347206,22.33607245
193.1,4.985,31.78237005,22.33607245
193.2,4.98,31.88347206,22.33607245
193.299,4.98,31.88347206,22.33607245
193.4,4.985,31.88347206,22.33607245
193.499,4.98,31.78237005,22.33607245
193.6,4.98,31.78237005,22.33607245
193.699,4.98,31.98457407,22.23497044
193.801,4.98,31.78237005,22.33607245
193.901,4.98,31.88347206,22.33607245
194.001,4.985,31.88347206,22.33607245
194.1,4.985,31.78237005,22.33607245
194.2,4.98,31.88347206,22.33607245
194.3,4.985,31.78237005,22.33607245
194.401,4.985,31.88347206,22.33607245
194.5,4.985,31.88347206,22.23497044
194.599,4.985,31.78237005,22.33607245
194.701,4.98,31.88347206,22.33607245
194.8,4.98,31.78237005,22.23497044
194.901,4.985,31.88347206,22.23497044
195,4.98,31.78237005,22.33607245
195.1,4.985,31.88347206,22.23497044
195.201,4.98,31.88347206,22.23497044
195.299,4.985,31.78237005,22.23497044
195.4,4.985,31.88347206,22.23497044
195.5,4.985,31.78237005,22.23497044
195.599,4.985,31.78237005,22.23497044
195.7,4.98,31.78237005,22.23497044
195.8,4.98,31.78237005,22.23497044
195.9,4.985,31.83966157,22.23497044
196,4.985,31.83966157,22.23497044
196.099,4.98,31.83966157,22.23497044
196.2,4.98,31.83966157,22.23497044
196.3,4.985,31.83966157,22.23497044
196.399,4.985,31.83966157,22.23497044
196.5,4.98,31.94076358,22.33607245
196.599,4.985,31.83966157,22.23497044
196.7,4.985,31.83966157,22.23497044
196.8,4.985,31.83966157,22.23497044
196.9,4.98,31.83966157,22.23497044
196.999,4.985,31.94076358,22.13386843
197.1,4.985,31.83966157,22.23497044
197.2,4.98,31.83966157,22.23497044
197.3,4.985,31.94076358,22.23497044
197.399,4.985,31.83966157,22.23497044
197.5,4.98,31.83966157,22.23497044
197.6,4.985,31.83966157,22.23497044
197.7,4.985,31.83966157,22.23497044
197.799,4.98,31.83966157,22.23497044
197.899,4.985,31.83966157,22.23497044
198,4.98,31.83966157,22.23497044
198.099,4.985,31.78237005,22.13386843
198.2,4.98,31.78237005,22.13386843
198.3,4.985,31.78237005,22.23497044
198.401,4.98,31.78237005,22.23497044
198.5,4.985,31.78237005,22.13386843
198.599,4.985,31.78237005,22.23497044
198.7,4.985,31.68126804,22.23497044
198.799,4.985,31.78237005,22.23497044
198.9,4.985,31.78237005,22.23497044
199,4.985,31.78237005,22.13386843
199.1,4.99,31.78237005,22.13386843
199.199,4.985,31.78237005,22.13386843
199.301,4.985,31.78237005,22.13386843
199.4,4.98,31.78237005,22.13386843
199.5,4.98,31.78237005,22.23497044
199.601,4.985,31.78237005,22.13386843
199.7,4.985,31.78237005,22.23497044
199.8,4.985,31.78237005,22.23497044
199.899,4.98,31.68126804,22.23497044
200,4.985,31.78237005,22.23497044
200.1,4.985,31.78237005,22.13386843
200.201,4.98,31.78237005,22.13386843
200.301,4.98,31.83966157,22.03276642
200.4,4.98,31.83966157,22.13386843
200.5,4.985,31.83966157,22.13386843
200.6,4.98,31.83966157,22.13386843
200.699,4.985,31.83966157,22.13386843
200.8,4.98,31.83966157,22.03276642
200.9,4.98,31.83966157,22.13386843
201.001,4.985,31.83966157,22.13386843
201.1,4.98,31.94076358,22.13386843
201.199,4.985,31.83966157,22.13386843
201.3,4.98,31.83966157,22.13386843
201.4,4.985,31.83966157,22.03276642
201.5,4.985,31.83966157,22.13386843
201.6,4.98,31.83966157,22.13386843
201.7,4.985,31.94076358,22.13386843
201.8,4.985,31.83966157,22.13386843
201.9,4.985,31.83966157,22.13386843
202,4.985,31.83966157,22.03276642
202.1,4.98,31.83966157,22.03276642
202.2,4.985,31.83966157,22.03276642
202.299,4.985,31.83966157,22.03276642
202.4,4.985,31.83966157,22.13386843
202.5,4.98,31.78237005,22.03276642
202.601,4.98,31.88347206,22.13386843
202.7,4.985,31.88347206,22.13386843
202.801,4.985,31.78237005,22.13386843
202.9,4.98,31.78237005,22.03276642
203,4.98,31.78237005,22.13386843
203.1,4.98,31.78237005,22.03276642
203.199,4.98,31.78237005,22.03276642
203.3,4.985,31.78237005,22.03276642
203.4,4.985,31.78237005,22.03276642
203.499,4.985,31.78237005,22.03276642
203.6,4.985,31.78237005,22.03276642
203.699,4.985,31.78237005,22.03276642
203.801,4.985,31.88347206,22.13386843
203.901,4.985,31.78237005,22.03276642
204,4.98,31.78237005,22.03276642
204.1,4.98,31.68126804,22.03276642
204.2,4.985,31.68126804,22.03276642
204.3,4.985,31.78237005,22.03276642
204.401,4.98,31.78237005,22.03276642
204.5,4.98,31.78237005,21.9316644
204.6,4.985,31.78237005,22.03276642
204.7,4.985,31.83966157,22.03276642
204.801,4.975,31.83966157,22.03276642
204.901,4.985,31.83966157,22.03276642
205,4.985,31.83966157,22.03276642
205.1,4.98,31.83966157,22.03276642
205.2,4.985,31.94076358,22.03276642
205.3,4.985,31.83966157,22.03276642
205.4,4.985,31.83966157,22.03276642
205.501,4.985,31.83966157,22.03276642
205.6,4.985,31.83966157,22.03276642
205.7,4.985,31.83966157,22.03276642
205.799,4.98,31.73855956,22.03276642
205.9,4.98,31.83966157,21.9316644
206.001,4.98,31.83966157,21.9316644
206.1,4.98,31.83966157,22.03276642
206.201,4.985,31.83966157,22.03276642
206.3,4.985,31.83966157,21.9316644
206.399,4.98,31.83966157,21.9316644
206.499,4.98,31.83966157,22.03276642
206.599,4.98,31.83966157,21.9316644
206.7,4.98,31.83966157,22.03276642
206.8,4.98,31.83966157,21.9316644
206.9,4.985,31.78237005,22.03276642
206.999,4.98,31.88347206,21.9316644
207.101,4.985,31.78237005,22.03276642
207.2,4.985,31.78237005,21.9316644
207.3,4.98,31.78237005,22.03276642
207.399,4.98,31.78237005,22.03276642
207.5,4.98,31.78237005,21.9316644
207.601,4.985,31.68126804,21.9316644
207.7,4.98,31.78237005,21.9316644
207.799,4.98,31.78237005,21.9316644
207.902,4.985,31.78237005,22.03276642
208,4.98,31.68126804,22.03276642
208.1,4.985,31.78237005,21.9316644
208.199,4.985,31.78237005,21.9316644
208.3,4.98,31.78237005,21.9316644
208.4,4.985,31.78237005,21.9316644
208.499,4.98,31.78237005,21.9316644
208.6,4.98,31.78237005,21.9316644
208.7,4.985,31.88347206,21.9316644
208.799,4.98,31.78237005,21.9316644
208.9,4.985,31.78237005,21.9316644
209,4.98,31.78237005,21.9316644